resultsId,seasonId,raceId,POSITION,NUMBER,STATUS,LAPS,TOTAL_TIME,GAP_FIRST,GAP_PREVIOUS,FL_LAPNUM,FL_TIME,FL_KPH,TEAM,CLASS,GROUP,DIVISION,VEHICLE,TIRES,ECM Participant Id,ECM Team Id,ECM Category Id,ECM Car Id,ECM Brand Id,ECM Country Id,*Extra 7,*Extra 8,*Extra 9,Sort Key,DRIVER_FIRSTNAME,DRIVER_SECONDNAME,DRIVER_LICENSE,DRIVER_HOMETOWN,DRIVER_COUNTRY,DRIVER_SHORTNAME,DRIVER_ECM Driver Id,DRIVER_ECM Country Id,DRIVER_*Extra 3,DRIVER_*Extra 4,DRIVER_*Extra 5,Unnamed: 37
2557,10,120,1,8,Classified,34,53:03.1,-,-,32,01:15.9,139.2,NEOM McLaren Formula E Team,,,,Nissan e-4ORCE 04,HANKOOK,,,,,,,,,,12,Sam,BIRD,,GBR,GBR,BIR,,,,,,
2558,10,120,2,9,Classified,34,53:03.6,0.564,0.564,28,01:15.8,139.3,Jaguar TCS Racing,,,,Jaguar I-TYPE 6,HANKOOK,,,,,,,,,,5,Mitch,EVANS,,NZL,NZL,EVA,,,,,,
2559,10,120,3,22,Classified,34,53:06.6,3.54,2.976,28,01:16.0,139,Nissan Formula E Team,,,,Nissan e-4ORCE 04,HANKOOK,,,,,,,,,,9,Oliver,ROWLAND,,GBR,GBR,ROW,,,,,,
2560,10,120,4,94,Classified,34,53:06.7,3.629,0.089,25,01:15.9,139.2,TAG Heuer Porsche Formula E Team,,,,Porsche 99X Electric,HANKOOK,,,,,,,,,,2,Pascal,WEHRLEIN,,DEU,DEU,WEH,,,,,,
2561,10,120,5,1,Classified,34,53:06.8,3.722,0.093,25,01:15.9,139.1,Andretti Formula E,,,,Porsche 99X Electric,HANKOOK,,,,,,,,,,4,Jake,DENNIS,,GBR,GBR,DEN,,,,,,
2562,10,120,6,13,Classified,34,53:08.6,5.567,1.845,25,01:15.9,139.1,TAG Heuer Porsche Formula E Team,,,,Porsche 99X Electric,HANKOOK,,,,,,,,,,18,António Félix,DA COSTA,,PRT,PRT,DAC,,,,,,
2563,10,120,7,25,Classified,34,53:09.1,6.006,0.439,25,01:15.9,139.1,DS PENSKE,,,,DS E-TENSE FE23,HANKOOK,,,,,,,,,,3,Jean-Éric,VERGNE,,FRA,FRA,JEV,,,,,,
2564,10,120,8,2,Classified,34,53:09.9,6.817,0.811,23,01:16.0,138.9,DS PENSKE,,,,DS E-TENSE FE23,HANKOOK,,,,,,,,,,11,Stoffel,VANDOORNE,,BEL,BEL,VAN,,,,,,
2565,10,120,9,7,Classified,34,53:11.2,8.085,1.268,26,01:16.0,139,Maserati MSG Racing,,,,Maserati Tipo Folgore,HANKOOK,,,,,,,,,,6,Maximilian,GÜNTHER,,DEU,DEU,GUE,,,,,,
2566,10,120,10,16,Classified,34,53:11.7,8.61,0.525,25,01:15.7,139.5,Envision Racing,,,,Jaguar I-TYPE 6,HANKOOK,,,,,,,,,,8,Sébastien,BUEMI,,CHE,CHE,BUE,,,,,,
2567,10,120,11,23,Classified,34,53:12.3,9.277,0.667,23,01:16.0,139,Nissan Formula E Team,,,,Nissan e-4ORCE 04,HANKOOK,,,,,,,,,,14,Sacha,FENESTRAZ,,FRA,FRA,FEN,,,,,,
2568,10,120,12,48,Classified,34,53:12.8,9.762,0.485,24,01:15.8,139.4,MAHINDRA RACING,,,,Mahindra M10Electro,HANKOOK,,,,,,,,,,16,Edoardo,MORTARA,,CHE,CHE,MOR,,,,,,
2569,10,120,13,11,Classified,34,53:13.9,10.819,1.057,28,01:15.9,139,ABT CUPRA FORMULA E TEAM,,,,Mahindra M10Electro,HANKOOK,,,,,,,,,,21,Lucas,DI GRASSI,,BRA,BRA,DIG,,,,,,
2570,10,120,14,21,Classified,34,53:16.7,13.677,2.858,29,01:15.5,139.8,MAHINDRA RACING,,,,Mahindra M10Electro,HANKOOK,,,,,,,,,,19,Nyck,DE VRIES,,NLD,NLD,DEV,,,,,,
2571,10,120,15,18,Classified,34,53:17.4,14.379,0.702,26,01:16.0,139,Maserati MSG Racing,,,,Maserati Tipo Folgore,HANKOOK,,,,,,,,,,20,Jehan,DARUVALA,,IND,IND,DAR,,,,,,
2572,10,120,16,3,Classified,34,53:20.6,17.511,3.132,28,01:16.0,139,ERT Formula E Team,,,,ERT X24,HANKOOK,,,,,,,,,,15,Sérgio,SETTE CÂMARA,,BRA,BRA,SET,,,,,,
2573,10,120,17,33,Classified,34,53:21.0,17.884,0.373,24,01:16.1,138.7,ERT Formula E Team,,,,ERT X24,HANKOOK,,,,,,,,,,22,Dan,TICKTUM,,GBR,GBR,TIC,,,,,,
2574,10,120,18,17,Classified,34,53:22.0,18.889,1.005,15,01:15.9,139.2,Andretti Formula E,,,,Porsche 99X Electric,HANKOOK,,,,,,,,,,13,Norman,NATO,,FRA,FRA,NAT,,,,,,
2575,10,120,19,4,Classified,34,53:22.2,19.124,0.235,27,01:15.6,139.6,Envision Racing,,,,Jaguar I-TYPE 6,HANKOOK,,,,,,,,,,7,Robin,FRIJNS,,NLD,NLD,FRI,,,,,,
2576,10,120,,5,Not classified,31,49:28.0,,,27,01:15.7,139.4,NEOM McLaren Formula E Team,,,,Nissan e-4ORCE 04,HANKOOK,,,,,,,,,,10,Jake,HUGHES,,GBR,GBR,HUG,,,,,,
2577,10,120,,51,Not classified,25,41:45.4,,,24,01:16.3,138.3,ABT CUPRA FORMULA E TEAM,,,,Mahindra M10Electro,HANKOOK,,,,,,,,,,17,Nico,MÜLLER,,CHE,CHE,MUE,,,,,,
2578,10,120,,37,Not classified,14,22:38.7,,,14,01:17.6,136.1,Jaguar TCS Racing,,,,Jaguar I-TYPE 6,HANKOOK,,,,,,,,,,1,Nick,CASSIDY,,NZL,NZL,CAS,,,,,,
2579,10,121,1,7,Classified,35,53:34.7,-,-,13,01:21.7,113.8,Maserati MSG Racing,,,,Maserati Tipo Folgore,HANKOOK,,,,,,,,,,8,Maximilian,GÜNTHER,,DEU,DEU,GUE,,,,,,
2580,10,121,2,22,Classified,35,53:35.4,0.755,0.755,10,01:22.2,113.1,Nissan Formula E Team,,,,Nissan e-4ORCE 04,HANKOOK,,,,,,,,,,7,Oliver,ROWLAND,,GBR,GBR,ROW,,,,,,
2581,10,121,3,1,Classified,35,53:36.1,1.405,0.65,13,01:22.2,113.1,Andretti Formula E,,,,Porsche 99X Electric,HANKOOK,,,,,,,,,,5,Jake,DENNIS,,GBR,GBR,DEN,,,,,,
2582,10,121,4,13,Classified,35,53:36.5,1.822,0.417,13,01:22.3,112.9,TAG Heuer Porsche Formula E Team,,,,Porsche 99X Electric,HANKOOK,,,,,,,,,,15,António Félix,DA COSTA,,PRT,PRT,DAC,,,,,,
2583,10,121,5,94,Classified,35,53:38.6,3.897,2.075,13,01:22.3,113,TAG Heuer Porsche Formula E Team,,,,Porsche 99X Electric,HANKOOK,,,,,,,,,,2,Pascal,WEHRLEIN,,DEU,DEU,WEH,,,,,,
2584,10,121,6,51,Classified,35,53:39.6,4.983,1.086,27,01:22.6,112.5,ABT CUPRA FORMULA E TEAM,,,,Mahindra M10Electro,HANKOOK,,,,,,,,,,18,Nico,MÜLLER,,CHE,CHE,MUE,,,,,,
2585,10,121,7,37,Classified,35,53:40.2,5.542,0.559,19,01:21.9,113.5,Jaguar TCS Racing,,,,Jaguar I-TYPE 6,HANKOOK,,,,,,,,,,1,Nick,CASSIDY,,NZL,NZL,CAS,,,,,,
2586,10,121,8,4,Classified,35,53:40.6,5.929,0.387,13,01:22.4,112.8,Envision Racing,,,,Jaguar I-TYPE 6,HANKOOK,,,,,,,,,,10,Robin,FRIJNS,,NLD,NLD,FRI,,,,,,
2587,10,121,9,3,Classified,35,53:41.2,6.504,0.575,13,01:22.6,112.6,ERT Formula E Team,,,,ERT X24,HANKOOK,,,,,,,,,,16,Sérgio,SETTE CÂMARA,,BRA,BRA,SET,,,,,,
2588,10,121,10,23,Classified,35,53:41.7,7.016,0.512,19,01:22.4,112.8,Nissan Formula E Team,,,,Nissan e-4ORCE 04,HANKOOK,,,,,,,,,,14,Sacha,FENESTRAZ,,FRA,FRA,FEN,,,,,,
2589,10,121,11,25,Classified,35,53:42.2,7.583,0.567,19,01:22.9,112.1,DS PENSKE,,,,DS E-TENSE FE23,HANKOOK,,,,,,,,,,4,Jean-Éric,VERGNE,,FRA,FRA,JEV,,,,,,
2590,10,121,12,16,Classified,35,53:43.1,8.467,0.884,14,01:23.1,111.9,Envision Racing,,,,Jaguar I-TYPE 6,HANKOOK,,,,,,,,,,9,Sébastien,BUEMI,,CHE,CHE,BUE,,,,,,
2591,10,121,13,5,Classified,35,53:43.5,8.859,0.392,13,01:22.6,112.5,NEOM McLaren Formula E Team,,,,Nissan e-4ORCE 04,HANKOOK,,,,,,,,,,11,Jake,HUGHES,,GBR,GBR,HUG,,,,,,
2592,10,121,14,9,Classified,35,53:44.0,9.316,0.457,14,01:23.1,111.9,Jaguar TCS Racing,,,,Jaguar I-TYPE 6,HANKOOK,,,,,,,,,,3,Mitch,EVANS,,NZL,NZL,EVA,,,,,,
2593,10,121,15,17,Classified,35,53:44.2,9.573,0.257,26,01:22.6,112.5,Andretti Formula E,,,,Porsche 99X Electric,HANKOOK,,,,,,,,,,13,Norman,NATO,,FRA,FRA,NAT,,,,,,
2594,10,121,16,2,Classified,35,53:44.4,9.735,0.162,14,01:23.1,111.8,DS PENSKE,,,,DS E-TENSE FE23,HANKOOK,,,,,,,,,,12,Stoffel,VANDOORNE,,BEL,BEL,VAN,,,,,,
2595,10,121,17,18,Classified,35,53:49.8,15.096,5.361,14,01:22.6,112.6,Maserati MSG Racing,,,,Maserati Tipo Folgore,HANKOOK,,,,,,,,,,21,Jehan,DARUVALA,,IND,IND,DAR,,,,,,
2596,10,121,18,33,Classified,35,54:24.1,49.418,34.322,25,01:22.8,112.2,ERT Formula E Team,,,,ERT X24,HANKOOK,,,,,,,,,,22,Dan,TICKTUM,,GBR,GBR,TIC,,,,,,
2597,10,121,,8,Not classified,34,54:10.5,,,27,01:19.7,116.6,NEOM McLaren Formula E Team,,,,Nissan e-4ORCE 04,HANKOOK,,,,,,,,,,6,Sam,BIRD,,GBR,GBR,BIR,,,,,,
2598,10,121,,11,Not classified,17,24:13.5,,,14,01:22.9,112.2,ABT CUPRA FORMULA E TEAM,,,,Mahindra M10Electro,HANKOOK,,,,,,,,,,19,Lucas,DI GRASSI,,BRA,BRA,DIG,,,,,,
2599,10,121,,21,Not classified,17,24:14.0,,,14,01:23.0,112.1,MAHINDRA RACING,,,,Mahindra M10Electro,HANKOOK,,,,,,,,,,20,Nyck,DE VRIES,,NLD,NLD,DEV,,,,,,
2600,10,121,,48,Disqualified,35,53:39.0,,,13,01:21.9,113.5,MAHINDRA RACING,,,,Mahindra M10Electro,HANKOOK,,,,,,,,,,17,Edoardo,MORTARA,,CHE,CHE,MOR,,,,,,
2601,10,122,1,22,Classified,28,40:05.2,-,-,28,01:19.7,152.7,Nissan Formula E Team,,,,Nissan e-4ORCE 04,HANKOOK,,,,,,,,,,3,Oliver,ROWLAND,,GBR,GBR,ROW,,,,,,
2602,10,122,2,1,Classified,28,40:08.2,3.003,3.003,26,01:19.9,152.4,Andretti Formula E,,,,Porsche 99X Electric,HANKOOK,,,,,,,,,,4,Jake,DENNIS,,GBR,GBR,DEN,,,,,,
2603,10,122,3,7,Classified,28,40:09.0,3.788,0.785,28,01:20.8,150.8,Maserati MSG Racing,,,,Maserati Tipo Folgore,HANKOOK,,,,,,,,,,5,Maximilian,GÜNTHER,,DEU,DEU,GUE,,,,,,
2604,10,122,4,33,Classified,28,40:09.7,4.554,0.766,26,01:20.7,150.9,ERT Formula E Team,,,,ERT X24,HANKOOK,,,,,,,,,,22,Dan,TICKTUM,,GBR,GBR,TIC,,,,,,
2605,10,122,5,9,Classified,28,40:10.8,5.673,1.119,26,01:20.4,151.5,Jaguar TCS Racing,,,,Jaguar I-TYPE 6,HANKOOK,,,,,,,,,,6,Mitch,EVANS,,NZL,NZL,EVA,,,,,,
2606,10,122,6,25,Classified,28,40:12.7,7.559,1.886,28,01:20.7,150.8,DS PENSKE,,,,DS E-TENSE FE23,HANKOOK,,,,,,,,,,7,Jean-Éric,VERGNE,,FRA,FRA,JEV,,,,,,
2607,10,122,7,17,Classified,28,40:12.8,7.588,0.029,26,01:20.1,152,Andretti Formula E,,,,Porsche 99X Electric,HANKOOK,,,,,,,,,,14,Norman,NATO,,FRA,FRA,NAT,,,,,,
2608,10,122,8,2,Classified,28,40:12.8,7.639,0.051,27,01:20.9,150.4,DS PENSKE,,,,DS E-TENSE FE23,HANKOOK,,,,,,,,,,13,Stoffel,VANDOORNE,,BEL,BEL,VAN,,,,,,
2609,10,122,9,23,Classified,28,40:12.9,7.768,0.129,27,01:20.7,150.8,Nissan Formula E Team,,,,Nissan e-4ORCE 04,HANKOOK,,,,,,,,,,15,Sacha,FENESTRAZ,,FRA,FRA,FEN,,,,,,
2610,10,122,10,11,Classified,28,40:13.1,7.967,0.199,27,01:20.6,151.1,ABT CUPRA FORMULA E TEAM,,,,Mahindra M10Electro,HANKOOK,,,,,,,,,,19,Lucas,DI GRASSI,,BRA,BRA,DIG,,,,,,
2611,10,122,11,51,Classified,28,40:13.5,8.311,0.344,27,01:20.6,151.1,ABT CUPRA FORMULA E TEAM,,,,Mahindra M10Electro,HANKOOK,,,,,,,,,,16,Nico,MÜLLER,,CHE,CHE,MUE,,,,,,
2612,10,122,12,16,Classified,28,40:18.6,13.447,5.136,25,01:21.7,149,Envision Racing,,,,Jaguar I-TYPE 6,HANKOOK,,,,,,,,,,10,Sébastien,BUEMI,,CHE,CHE,BUE,,,,,,
2613,10,122,13,5,Classified,28,40:18.9,13.705,0.258,25,01:22.2,148.2,NEOM McLaren Formula E Team,,,,Nissan e-4ORCE 04,HANKOOK,,,,,,,,,,12,Jake,HUGHES,,GBR,GBR,HUG,,,,,,
2614,10,122,14,21,Classified,28,40:23.2,18.051,4.346,27,01:21.4,149.6,MAHINDRA RACING,,,,Mahindra M10Electro,HANKOOK,,,,,,,,,,20,Nyck,DE VRIES,,NLD,NLD,DEV,,,,,,
2615,10,122,15,3,Classified,28,41:02.7,57.526,39.475,26,01:20.8,150.6,ERT Formula E Team,,,,ERT X24,HANKOOK,,,,,,,,,,17,Sérgio,SETTE CÂMARA,,BRA,BRA,SET,,,,,,
2616,10,122,16,94,Classified,28,41:10.1,+1:04.968,7.442,24,01:19.9,152.3,TAG Heuer Porsche Formula E Team,,,,Porsche 99X Electric,HANKOOK,,,,,,,,,,1,Pascal,WEHRLEIN,,DEU,DEU,WEH,,,,,,
2617,10,122,17,4,Classified,28,41:23.5,+1:18.360,13.392,22,01:23.5,145.9,Envision Racing,,,,Jaguar I-TYPE 6,HANKOOK,,,,,,,,,,9,Robin,FRIJNS,,NLD,NLD,FRI,,,,,,
2618,10,122,,18,Not classified,27,38:54.2,,,27,01:21.3,149.7,Maserati MSG Racing,,,,Maserati Tipo Folgore,HANKOOK,,,,,,,,,,21,Jehan,DARUVALA,,IND,IND,DAR,,,,,,
2619,10,122,,8,Not classified,25,37:33.9,,,25,01:21.7,149.1,NEOM McLaren Formula E Team,,,,Nissan e-4ORCE 04,HANKOOK,,,,,,,,,,8,Sam,BIRD,,GBR,GBR,BIR,,,,,,
2620,10,122,,37,Not classified,23,34:23.6,,,23,01:21.1,150.1,Jaguar TCS Racing,,,,Jaguar I-TYPE 6,HANKOOK,,,,,,,,,,2,Nick,CASSIDY,,NZL,NZL,CAS,,,,,,
2621,10,122,,48,Not classified,0,,,,0,,,MAHINDRA RACING,,,,Mahindra M10Electro,HANKOOK,,,,,,,,,,18,Edoardo,MORTARA,,CHE,CHE,MOR,,,,,,
2622,10,122,,13,Disqualified,28,40:04.8,,,28,01:19.8,152.6,TAG Heuer Porsche Formula E Team,,,,Porsche 99X Electric,HANKOOK,,,,,,,,,,11,António Félix,DA COSTA,,PRT,PRT,DAC,,,,,,
2623,10,123,1,94,Classified,26,37:05.2,-,-,22,01:19.5,153.1,TAG Heuer Porsche Formula E Team,,,,Porsche 99X Electric,HANKOOK,,,,,,,,,,4,Pascal,WEHRLEIN,,DEU,DEU,WEH,,,,,,
2624,10,123,2,1,Classified,26,37:07.2,1.933,1.933,22,01:19.8,152.5,Andretti Formula E,,,,Porsche 99X Electric,HANKOOK,,,,,,,,,,2,Jake,DENNIS,,GBR,GBR,DEN,,,,,,
2625,10,123,3,37,Classified,26,37:07.5,2.221,0.288,25,01:19.6,153,Jaguar TCS Racing,,,,Jaguar I-TYPE 6,HANKOOK,,,,,,,,,,5,Nick,CASSIDY,,NZL,NZL,CAS,,,,,,
2626,10,123,4,51,Classified,26,37:07.5,2.271,0.05,17,01:19.9,152.4,ABT CUPRA FORMULA E TEAM,,,,Mahindra M10Electro,HANKOOK,,,,,,,,,,17,Nico,MÜLLER,,CHE,CHE,MUE,,,,,,
2627,10,123,5,23,Classified,26,37:10.5,5.23,2.959,23,01:20.0,152.3,Nissan Formula E Team,,,,Nissan e-4ORCE 04,HANKOOK,,,,,,,,,,16,Sacha,FENESTRAZ,,FRA,FRA,FEN,,,,,,
2628,10,123,6,3,Classified,26,37:11.0,5.727,0.497,23,01:20.0,152.2,ERT Formula E Team,,,,ERT X24,HANKOOK,,,,,,,,,,18,Sérgio,SETTE CÂMARA,,BRA,BRA,SET,,,,,,
2629,10,123,7,25,Classified,26,37:12.0,6.794,1.067,22,01:19.9,152.4,DS PENSKE,,,,DS E-TENSE FE23,HANKOOK,,,,,,,,,,7,Jean-Éric,VERGNE,,FRA,FRA,JEV,,,,,,
2630,10,123,8,5,Classified,26,37:13.5,8.236,1.442,26,01:20.2,151.9,NEOM McLaren Formula E Team,,,,Nissan e-4ORCE 04,HANKOOK,,,,,,,,,,14,Jake,HUGHES,,GBR,GBR,HUG,,,,,,
2631,10,123,9,18,Classified,26,37:14.0,8.714,0.478,20,01:19.9,152.4,Maserati MSG Racing,,,,Maserati Tipo Folgore,HANKOOK,,,,,,,,,,22,Jehan,DARUVALA,,IND,IND,DAR,,,,,,
2632,10,123,10,8,Classified,26,37:17.2,11.912,3.198,24,01:19.6,152.9,NEOM McLaren Formula E Team,,,,Nissan e-4ORCE 04,HANKOOK,,,,,,,,,,8,Sam,BIRD,,GBR,GBR,BIR,,,,,,
2633,10,123,11,11,Classified,26,37:17.7,12.415,0.503,23,01:20.0,152.2,ABT CUPRA FORMULA E TEAM,,,,Mahindra M10Electro,HANKOOK,,,,,,,,,,19,Lucas,DI GRASSI,,BRA,BRA,DIG,,,,,,
2634,10,123,12,7,Classified,26,37:18.6,13.387,0.972,20,01:20.1,152,Maserati MSG Racing,,,,Maserati Tipo Folgore,HANKOOK,,,,,,,,,,3,Maximilian,GÜNTHER,,DEU,DEU,GUE,,,,,,
2635,10,123,13,48,Classified,26,37:19.4,14.171,0.784,18,01:20.2,151.9,MAHINDRA RACING,,,,Mahindra M10Electro,HANKOOK,,,,,,,,,,20,Edoardo,MORTARA,,CHE,CHE,MOR,,,,,,
2636,10,123,14,33,Classified,26,37:23.1,17.875,3.704,18,01:20.1,152.1,ERT Formula E Team,,,,ERT X24,HANKOOK,,,,,,,,,,15,Dan,TICKTUM,,GBR,GBR,TIC,,,,,,
2637,10,123,15,21,Classified,26,37:27.2,21.935,4.06,17,01:20.4,151.4,MAHINDRA RACING,,,,Mahindra M10Electro,HANKOOK,,,,,,,,,,21,Nyck,DE VRIES,,NLD,NLD,DEV,,,,,,
2638,10,123,16,17,Classified,25,37:24.4,1 Lap,1 Lap,21,01:19.5,153.1,Andretti Formula E,,,,Porsche 99X Electric,HANKOOK,,,,,,,,,,9,Norman,NATO,,FRA,FRA,NAT,,,,,,
2639,10,123,17,13,Classified,25,37:48.2,1 Lap,23.844,25,01:18.7,154.7,TAG Heuer Porsche Formula E Team,,,,Porsche 99X Electric,HANKOOK,,,,,,,,,,13,António Félix,DA COSTA,,PRT,PRT,DAC,,,,,,
2640,10,123,,9,Not classified,26,38:34.8,,,16,01:20.8,150.7,Jaguar TCS Racing,,,,Jaguar I-TYPE 6,HANKOOK,,,,,,,,,,6,Mitch,EVANS,,NZL,NZL,EVA,,,,,,
2641,10,123,,22,Not classified,25,35:42.3,,,24,01:19.5,153.1,Nissan Formula E Team,,,,Nissan e-4ORCE 04,HANKOOK,,,,,,,,,,1,Oliver,ROWLAND,,GBR,GBR,ROW,,,,,,
2642,10,123,,2,Not classified,22,33:24.9,,,22,01:20.0,152.1,DS PENSKE,,,,DS E-TENSE FE23,HANKOOK,,,,,,,,,,10,Stoffel,VANDOORNE,,BEL,BEL,VAN,,,,,,
2643,10,123,,16,Not classified,14,22:16.9,,,9,01:21.7,149.1,Envision Racing,,,,Jaguar I-TYPE 6,HANKOOK,,,,,,,,,,12,Sébastien,BUEMI,,CHE,CHE,BUE,,,,,,
2644,10,123,,4,Not classified,6,08:40.8,,,6,01:22.2,148,Envision Racing,,,,Jaguar I-TYPE 6,HANKOOK,,,,,,,,,,11,Robin,FRIJNS,,NLD,NLD,FRI,,,,,,
2645,10,124,1,9,Classified,31,58:15.5,-,-,30,01:32.2,130.3,Jaguar TCS Racing,,,,Jaguar I-TYPE 6,HANKOOK,,,,,,,,,,7,Mitch,EVANS,,NZL,NZL,EVA,,,,,,
2646,10,124,2,37,Classified,31,58:16.4,0.946,0.946,31,01:31.6,131.2,Jaguar TCS Racing,,,,Jaguar I-TYPE 6,HANKOOK,,,,,,,,,,4,Nick,CASSIDY,,NZL,NZL,CAS,,,,,,
2647,10,124,3,2,Classified,31,58:19.3,3.835,2.889,29,01:32.6,129.8,DS PENSKE,,,,DS E-TENSE FE23,HANKOOK,,,,,,,,,,11,Stoffel,VANDOORNE,,BEL,BEL,VAN,,,,,,
2648,10,124,4,25,Classified,31,58:20.3,4.799,0.964,28,01:31.9,130.7,DS PENSKE,,,,DS E-TENSE FE23,HANKOOK,,,,,,,,,,6,Jean-Éric,VERGNE,,FRA,FRA,JEV,,,,,,
2649,10,124,5,94,Classified,31,58:21.8,6.378,1.579,29,01:31.8,130.9,TAG Heuer Porsche Formula E Team,,,,Porsche 99X Electric,HANKOOK,,,,,,,,,,1,Pascal,WEHRLEIN,,DEU,DEU,WEH,,,,,,
2650,10,124,6,22,Classified,31,58:22.2,6.792,0.414,29,01:32.1,130.5,Nissan Formula E Team,,,,Nissan e-4ORCE 04,HANKOOK,,,,,,,,,,3,Oliver,ROWLAND,,GBR,GBR,ROW,,,,,,
2651,10,124,7,13,Classified,31,58:22.8,7.364,0.572,29,01:32.1,130.4,TAG Heuer Porsche Formula E Team,,,,Porsche 99X Electric,HANKOOK,,,,,,,,,,14,António Félix,DA COSTA,,PRT,PRT,DAC,,,,,,
2652,10,124,8,23,Classified,31,58:23.4,7.928,0.564,29,01:32.4,130,Nissan Formula E Team,,,,Nissan e-4ORCE 04,HANKOOK,,,,,,,,,,15,Sacha,FENESTRAZ,,FRA,FRA,FEN,,,,,,
2653,10,124,9,7,Classified,31,58:23.7,8.262,0.334,29,01:32.2,130.2,Maserati MSG Racing,,,,Maserati Tipo Folgore,HANKOOK,,,,,,,,,,5,Maximilian,GÜNTHER,,DEU,DEU,GUE,,,,,,
2654,10,124,10,17,Classified,31,58:24.5,9.045,0.783,23,01:32.1,130.4,Andretti Formula E,,,,Porsche 99X Electric,HANKOOK,,,,,,,,,,10,Norman,NATO,,FRA,FRA,NAT,,,,,,
2655,10,124,11,11,Classified,31,58:25.3,9.889,0.844,29,01:32.5,129.8,ABT CUPRA FORMULA E TEAM,,,,Mahindra M10Electro,HANKOOK,,,,,,,,,,20,Lucas,DI GRASSI,,BRA,BRA,DIG,,,,,,
2656,10,124,12,21,Classified,31,58:25.6,10.183,0.294,29,01:32.5,129.8,MAHINDRA RACING,,,,Mahindra M10Electro,HANKOOK,,,,,,,,,,22,Nyck,DE VRIES,,NLD,NLD,DEV,,,,,,
2657,10,124,13,33,Classified,31,58:33.5,17.999,7.816,27,01:34.0,127.8,ERT Formula E Team,,,,ERT X24,HANKOOK,,,,,,,,,,17,Dan,TICKTUM,,GBR,GBR,TIC,,,,,,
2658,10,124,14,8,Classified,31,58:33.6,18.128,0.129,23,01:33.5,128.5,NEOM McLaren Formula E Team,,,,Nissan e-4ORCE 04,HANKOOK,,,,,,,,,,23,Taylor,BARNARD,,GBR,GBR,BAR,,,,,,
2659,10,124,15,16,Classified,31,58:33.9,18.452,0.324,23,01:33.9,128,Envision Racing,,,,Jaguar I-TYPE 6,HANKOOK,,,,,,,,,,13,Sébastien,BUEMI,,CHE,CHE,BUE,,,,,,
2660,10,124,16,5,Classified,31,58:34.5,18.996,0.544,31,01:32.3,130.2,NEOM McLaren Formula E Team,,,,Nissan e-4ORCE 04,HANKOOK,,,,,,,,,,9,Jake,HUGHES,,GBR,GBR,HUG,,,,,,
2661,10,124,17,4,Classified,31,58:34.6,19.106,0.11,27,01:33.0,129.2,Envision Racing,,,,Jaguar I-TYPE 6,HANKOOK,,,,,,,,,,12,Robin,FRIJNS,,NLD,NLD,FRI,,,,,,
2662,10,124,18,3,Classified,31,58:40.0,24.573,5.467,27,01:33.3,128.7,ERT Formula E Team,,,,ERT X24,HANKOOK,,,,,,,,,,18,Sérgio,SETTE CÂMARA,,BRA,BRA,SET,,,,,,
2663,10,124,19,1,Classified,31,58:47.5,32.032,7.459,31,01:31.1,131.9,Andretti Formula E,,,,Porsche 99X Electric,HANKOOK,,,,,,,,,,2,Jake,DENNIS,,GBR,GBR,DEN,,,,,,
2664,10,124,20,18,Classified,31,59:27.7,+1:12.269,40.237,31,01:31.1,131.9,Maserati MSG Racing,,,,Maserati Tipo Folgore,HANKOOK,,,,,,,,,,19,Jehan,DARUVALA,,IND,IND,DAR,,,,,,
2665,10,124,,51,Not classified,23,44:04.8,,,23,01:33.5,128.5,ABT CUPRA FORMULA E TEAM,,,,Mahindra M10Electro,HANKOOK,,,,,,,,,,16,Nico,MÜLLER,,CHE,CHE,MUE,,,,,,
2666,10,124,,48,Not classified,3,05:14.2,,,2,01:40.6,119.4,MAHINDRA RACING,,,,Mahindra M10Electro,HANKOOK,,,,,,,,,,21,Edoardo,MORTARA,,CHE,CHE,MOR,,,,,,
2667,10,125,1,37,Classified,46,01:54.9,-,-,46,01:03.4,133.1,Jaguar TCS Racing,,,,Jaguar I-TYPE 6,HANKOOK,,,,,,,,,,2,Nick,CASSIDY,,NZL,NZL,CAS,,,,,,
2668,10,125,2,25,Classified,46,01:59.6,4.651,4.651,44,01:04.7,130.3,DS PENSKE,,,,DS E-TENSE FE23,HANKOOK,,,,,,,,,,7,Jean-Éric,VERGNE,,FRA,FRA,JEV,,,,,,
2669,10,125,3,22,Classified,46,01:59.9,4.915,0.264,44,01:04.7,130.4,Nissan Formula E Team,,,,Nissan e-4ORCE 04,HANKOOK,,,,,,,,,,4,Oliver,ROWLAND,,GBR,GBR,ROW,,,,,,
2670,10,125,4,9,Classified,46,02:00.3,5.34,0.425,45,01:04.6,130.7,Jaguar TCS Racing,,,,Jaguar I-TYPE 6,HANKOOK,,,,,,,,,,5,Mitch,EVANS,,NZL,NZL,EVA,,,,,,
2671,10,125,5,94,Classified,46,02:00.6,5.631,0.291,44,01:04.8,130.2,TAG Heuer Porsche Formula E Team,,,,Porsche 99X Electric,HANKOOK,,,,,,,,,,1,Pascal,WEHRLEIN,,DEU,DEU,WEH,,,,,,
2672,10,125,6,13,Classified,46,02:00.7,5.76,0.129,45,01:04.5,130.8,TAG Heuer Porsche Formula E Team,,,,Porsche 99X Electric,HANKOOK,,,,,,,,,,10,António Félix,DA COSTA,,PRT,PRT,DAC,,,,,,
2673,10,125,7,2,Classified,46,02:01.3,6.363,0.603,45,01:04.7,130.5,DS PENSKE,,,,DS E-TENSE FE23,HANKOOK,,,,,,,,,,9,Stoffel,VANDOORNE,,BEL,BEL,VAN,,,,,,
2674,10,125,8,48,Classified,46,02:02.2,7.221,0.858,45,01:04.4,131,MAHINDRA RACING,,,,Mahindra M10Electro,HANKOOK,,,,,,,,,,21,Edoardo,MORTARA,,CHE,CHE,MOR,,,,,,
2675,10,125,9,23,Classified,46,02:04.5,9.592,2.371,44,01:04.9,129.9,Nissan Formula E Team,,,,Nissan e-4ORCE 04,HANKOOK,,,,,,,,,,12,Sacha,FENESTRAZ,,FRA,FRA,FEN,,,,,,
2676,10,125,10,8,Classified,46,02:04.6,9.644,0.052,37,01:04.7,130.3,NEOM McLaren Formula E Team,,,,Nissan e-4ORCE 04,HANKOOK,,,,,,,,,,23,Taylor,BARNARD,,GBR,GBR,BAR,,,,,,
2677,10,125,11,51,Classified,46,02:05.1,10.133,0.489,34,01:04.8,130.2,ABT CUPRA FORMULA E TEAM,,,,Mahindra M10Electro,HANKOOK,,,,,,,,,,27,Kelvin,VAN DER LINDE,,ZAF,ZAF,VDL,,,,,,
2678,10,125,12,21,Classified,46,02:05.4,10.427,0.294,39,01:04.5,130.8,MAHINDRA RACING,,,,Mahindra M10Electro,HANKOOK,,,,,,,,,,26,Jordan,KING,,GBR,GBR,KIN,,,,,,
2679,10,125,13,16,Classified,46,02:11.5,16.598,6.171,44,01:04.6,130.5,Envision Racing,,,,Jaguar I-TYPE 6,HANKOOK,,,,,,,,,,25,Paul,ARON,,EST,EST,ARO,,,,,,
2680,10,125,14,33,Classified,46,02:18.2,23.27,6.672,38,01:05.2,129.3,ERT Formula E Team,,,,ERT X24,HANKOOK,,,,,,,,,,17,Dan,TICKTUM,,GBR,GBR,TIC,,,,,,
2681,10,125,15,5,Classified,46,02:50.5,55.538,32.268,46,01:03.7,132.5,NEOM McLaren Formula E Team,,,,Nissan e-4ORCE 04,HANKOOK,,,,,,,,,,11,Jake,HUGHES,,GBR,GBR,HUG,,,,,,
2682,10,125,16,3,Classified,45,02:01.4,1 Lap,1 Lap,38,01:04.7,130.4,ERT Formula E Team,,,,ERT X24,HANKOOK,,,,,,,,,,18,Sérgio,SETTE CÂMARA,,BRA,BRA,SET,,,,,,
2683,10,125,17,18,Classified,45,02:08.2,1 Lap,6.803,37,01:05.3,129.2,Maserati MSG Racing,,,,Maserati Tipo Folgore,HANKOOK,,,,,,,,,,19,Jehan,DARUVALA,,IND,IND,DAR,,,,,,
2684,10,125,18,17,Classified,45,02:13.9,1 Lap,5.685,43,01:03.0,133.9,Andretti Formula E,,,,Porsche 99X Electric,HANKOOK,,,,,,,,,,13,Norman,NATO,,FRA,FRA,NAT,,,,,,
2685,10,125,,1,Not classified,38,54:14.1,,,22,01:04.3,131.2,Andretti Formula E,,,,Porsche 99X Electric,HANKOOK,,,,,,,,,,3,Jake,DENNIS,,GBR,GBR,DEN,,,,,,
2686,10,125,,7,Not classified,28,37:11.0,,,25,01:05.5,128.8,Maserati MSG Racing,,,,Maserati Tipo Folgore,HANKOOK,,,,,,,,,,6,Maximilian,GÜNTHER,,DEU,DEU,GUE,,,,,,
2687,10,125,,11,Not classified,20,28:16.1,,,20,01:06.0,127.7,ABT CUPRA FORMULA E TEAM,,,,Mahindra M10Electro,HANKOOK,,,,,,,,,,20,Lucas,DI GRASSI,,BRA,BRA,DIG,,,,,,
2688,10,125,,4,Not classified,9,10:11.4,,,5,01:05.6,128.6,Envision Racing,,,,Jaguar I-TYPE 6,HANKOOK,,,,,,,,,,24,Joel,ERIKSSON,,SWE,SWE,ERI,,,,,,
2689,10,126,1,13,Classified,41,47:55.0,-,-,39,01:04.0,131.7,TAG Heuer Porsche Formula E Team,,,,Porsche 99X Electric,HANKOOK,,,,,,,,,,10,António Félix,DA COSTA,,PRT,PRT,DAC,,,,,,
2690,10,126,2,37,Classified,41,47:55.7,0.691,0.691,40,01:03.7,132.4,Jaguar TCS Racing,,,,Jaguar I-TYPE 6,HANKOOK,,,,,,,,,,1,Nick,CASSIDY,,NZL,NZL,CAS,,,,,,
2691,10,126,3,22,Classified,41,47:57.9,2.82,2.129,24,01:04.2,131.5,Nissan Formula E Team,,,,Nissan e-4ORCE 04,HANKOOK,,,,,,,,,,3,Oliver,ROWLAND,,GBR,GBR,ROW,,,,,,
2692,10,126,4,94,Classified,41,47:59.2,4.147,1.327,39,01:04.2,131.4,TAG Heuer Porsche Formula E Team,,,,Porsche 99X Electric,HANKOOK,,,,,,,,,,2,Pascal,WEHRLEIN,,DEU,DEU,WEH,,,,,,
2693,10,126,5,1,Classified,41,47:59.6,4.548,0.401,39,01:04.1,131.7,Andretti Formula E,,,,Porsche 99X Electric,HANKOOK,,,,,,,,,,4,Jake,DENNIS,,GBR,GBR,DEN,,,,,,
2694,10,126,6,9,Classified,41,48:00.0,4.953,0.405,38,01:04.3,131.1,Jaguar TCS Racing,,,,Jaguar I-TYPE 6,HANKOOK,,,,,,,,,,5,Mitch,EVANS,,NZL,NZL,EVA,,,,,,
2695,10,126,7,18,Classified,41,48:01.1,6.032,1.079,38,01:04.4,131,Maserati MSG Racing,,,,Maserati Tipo Folgore,HANKOOK,,,,,,,,,,20,Jehan,DARUVALA,,IND,IND,DAR,,,,,,
2696,10,126,8,8,Classified,41,48:01.7,6.698,0.666,15,01:04.2,131.4,NEOM McLaren Formula E Team,,,,Nissan e-4ORCE 04,HANKOOK,,,,,,,,,,22,Taylor,BARNARD,,GBR,GBR,BAR,,,,,,
2697,10,126,9,4,Classified,41,48:02.2,7.119,0.421,38,01:04.2,131.4,Envision Racing,,,,Jaguar I-TYPE 6,HANKOOK,,,,,,,,,,27,Joel,ERIKSSON,,SWE,SWE,ERI,,,,,,
2698,10,126,10,25,Classified,41,48:02.4,7.357,0.238,38,01:04.2,131.3,DS PENSKE,,,,DS E-TENSE FE23,HANKOOK,,,,,,,,,,6,Jean-Éric,VERGNE,,FRA,FRA,JEV,,,,,,
2699,10,126,11,11,Classified,41,48:03.2,8.204,0.847,40,01:04.4,131,ABT CUPRA FORMULA E TEAM,,,,Mahindra M10Electro,HANKOOK,,,,,,,,,,21,Lucas,DI GRASSI,,BRA,BRA,DIG,,,,,,
2700,10,126,12,5,Classified,41,48:05.4,10.349,2.145,15,01:04.2,131.4,NEOM McLaren Formula E Team,,,,Nissan e-4ORCE 04,HANKOOK,,,,,,,,,,12,Jake,HUGHES,,GBR,GBR,HUG,,,,,,
2701,10,126,13,3,Classified,41,48:05.4,10.403,0.054,16,01:04.4,131.1,ERT Formula E Team,,,,ERT X24,HANKOOK,,,,,,,,,,18,Sérgio,SETTE CÂMARA,,BRA,BRA,SET,,,,,,
2702,10,126,14,16,Classified,41,48:06.2,11.124,0.721,17,01:04.1,131.6,Envision Racing,,,,Jaguar I-TYPE 6,HANKOOK,,,,,,,,,,26,Paul,ARON,,EST,EST,ARO,,,,,,
2703,10,126,15,51,Classified,41,48:06.8,11.78,0.656,17,01:04.0,131.7,ABT CUPRA FORMULA E TEAM,,,,Mahindra M10Electro,HANKOOK,,,,,,,,,,23,Kelvin,VAN DER LINDE,,ZAF,ZAF,VDL,,,,,,
2704,10,126,16,48,Classified,41,48:07.2,12.143,0.363,39,01:04.6,130.6,MAHINDRA RACING,,,,Mahindra M10Electro,HANKOOK,,,,,,,,,,19,Edoardo,MORTARA,,CHE,CHE,MOR,,,,,,
2705,10,126,17,33,Classified,41,48:07.7,12.642,0.499,16,01:03.9,131.9,ERT Formula E Team,,,,ERT X24,HANKOOK,,,,,,,,,,17,Dan,TICKTUM,,GBR,GBR,TIC,,,,,,
2706,10,126,18,21,Classified,41,48:11.5,16.494,3.852,16,01:04.5,130.8,MAHINDRA RACING,,,,Mahindra M10Electro,HANKOOK,,,,,,,,,,25,Jordan,KING,,GBR,GBR,KIN,,,,,,
2707,10,126,19,17,Classified,41,48:15.9,20.851,4.357,29,01:03.6,132.7,Andretti Formula E,,,,Porsche 99X Electric,HANKOOK,,,,,,,,,,13,Norman,NATO,,FRA,FRA,NAT,,,,,,
2708,10,126,20,2,Classified,41,48:31.8,36.753,15.902,29,01:04.8,130.1,DS PENSKE,,,,DS E-TENSE FE23,HANKOOK,,,,,,,,,,8,Stoffel,VANDOORNE,,BEL,BEL,VAN,,,,,,
2709,10,126,,23,Not classified,24,27:50.9,,,15,01:04.8,130.2,Nissan Formula E Team,,,,Nissan e-4ORCE 04,HANKOOK,,,,,,,,,,11,Sacha,FENESTRAZ,,FRA,FRA,FEN,,,,,,
2710,10,126,,7,Not classified,10,11:15.7,,,10,01:05.3,129.1,Maserati MSG Racing,,,,Maserati Tipo Folgore,HANKOOK,,,,,,,,,,7,Maximilian,GÜNTHER,,DEU,DEU,GUE,,,,,,
2711,10,127,1,9,Classified,29,38:03.4,-,-,23,01:16.1,144.4,Jaguar TCS Racing,,,,Jaguar I-TYPE 6,HANKOOK,,,,,,,,,,5,Mitch,EVANS,,NZL,NZL,EVA,,,,,,
2712,10,127,2,94,Classified,29,38:04.2,0.796,0.796,26,01:16.8,143,TAG Heuer Porsche Formula E Team,,,,Porsche 99X Electric,HANKOOK,,,,,,,,,,2,Pascal,WEHRLEIN,,DEU,DEU,WEH,,,,,,
2713,10,127,3,37,Classified,29,38:04.9,1.498,0.702,23,01:16.6,143.4,Jaguar TCS Racing,,,,Jaguar I-TYPE 6,HANKOOK,,,,,,,,,,1,Nick,CASSIDY,,NZL,NZL,CAS,,,,,,
2714,10,127,4,22,Classified,29,38:05.2,1.743,0.245,25,01:16.5,143.6,Nissan Formula E Team,,,,Nissan e-4ORCE 04,HANKOOK,,,,,,,,,,3,Oliver,ROWLAND,,GBR,GBR,ROW,,,,,,
2715,10,127,5,1,Classified,29,38:05.8,2.361,0.618,23,01:16.0,144.6,Andretti Formula E,,,,Porsche 99X Electric,HANKOOK,,,,,,,,,,4,Jake,DENNIS,,GBR,GBR,DEN,,,,,,
2716,10,127,6,25,Classified,29,38:06.0,2.599,0.238,23,01:16.8,143,DS PENSKE,,,,DS E-TENSE FE23,HANKOOK,,,,,,,,,,6,Jean-Éric,VERGNE,,FRA,FRA,JEV,,,,,,
2717,10,127,7,21,Classified,29,38:06.3,2.818,0.219,23,01:16.7,143.2,MAHINDRA RACING,,,,Mahindra M10Electro,HANKOOK,,,,,,,,,,25,Nyck,DE VRIES,,NLD,NLD,DEV,,,,,,
2718,10,127,8,16,Classified,29,38:07.0,3.61,0.792,24,01:16.4,143.7,Envision Racing,,,,Jaguar I-TYPE 6,HANKOOK,,,,,,,,,,15,Sébastien,BUEMI,,CHE,CHE,BUE,,,,,,
2719,10,127,9,2,Classified,29,38:07.5,4.095,0.485,23,01:16.6,143.4,DS PENSKE,,,,DS E-TENSE FE23,HANKOOK,,,,,,,,,,9,Stoffel,VANDOORNE,,BEL,BEL,VAN,,,,,,
2720,10,127,10,11,Classified,29,38:07.8,4.397,0.302,21,01:16.5,143.7,ABT CUPRA FORMULA E TEAM,,,,Mahindra M10Electro,HANKOOK,,,,,,,,,,23,Lucas,DI GRASSI,,BRA,BRA,DIG,,,,,,
2721,10,127,11,23,Classified,29,38:08.2,4.791,0.394,25,01:16.4,143.7,Nissan Formula E Team,,,,Nissan e-4ORCE 04,HANKOOK,,,,,,,,,,11,Sacha,FENESTRAZ,,FRA,FRA,FEN,,,,,,
2722,10,127,12,4,Classified,29,38:08.5,5.083,0.292,25,01:16.1,144.2,Envision Racing,,,,Jaguar I-TYPE 6,HANKOOK,,,,,,,,,,14,Robin,FRIJNS,,NLD,NLD,FRI,,,,,,
2723,10,127,13,3,Classified,29,38:08.9,5.425,0.342,24,01:16.6,143.3,ERT Formula E Team,,,,ERT X24,HANKOOK,,,,,,,,,,18,Sérgio,SETTE CÂMARA,,BRA,BRA,SET,,,,,,
2724,10,127,14,17,Classified,29,38:09.2,5.793,0.368,25,01:16.4,143.7,Andretti Formula E,,,,Porsche 99X Electric,HANKOOK,,,,,,,,,,13,Norman,NATO,,FRA,FRA,NAT,,,,,,
2725,10,127,15,51,Classified,29,38:09.6,6.178,0.385,24,01:16.8,143,ABT CUPRA FORMULA E TEAM,,,,Mahindra M10Electro,HANKOOK,,,,,,,,,,16,Nico,MÜLLER,,CHE,CHE,MUE,,,,,,
2726,10,127,16,5,Classified,29,38:10.0,6.566,0.388,25,01:16.8,143,NEOM McLaren Formula E Team,,,,Nissan e-4ORCE 04,HANKOOK,,,,,,,,,,12,Jake,HUGHES,,GBR,GBR,HUG,,,,,,
2727,10,127,17,8,Classified,29,38:10.4,6.944,0.378,22,01:16.7,143.2,NEOM McLaren Formula E Team,,,,Nissan e-4ORCE 04,HANKOOK,,,,,,,,,,10,Sam,BIRD,,GBR,GBR,BIR,,,,,,
2728,10,127,18,13,Classified,29,38:10.6,7.165,0.221,25,01:16.8,143,TAG Heuer Porsche Formula E Team,,,,Porsche 99X Electric,HANKOOK,,,,,,,,,,8,António Félix,DA COSTA,,PRT,PRT,DAC,,,,,,
2729,10,127,19,18,Classified,29,38:10.8,7.372,0.207,22,01:16.7,143.2,Maserati MSG Racing,,,,Maserati Tipo Folgore,HANKOOK,,,,,,,,,,19,Jehan,DARUVALA,,IND,IND,DAR,,,,,,
2730,10,127,20,33,Classified,29,38:11.1,7.688,0.316,22,01:16.8,143,ERT Formula E Team,,,,ERT X24,HANKOOK,,,,,,,,,,17,Dan,TICKTUM,,GBR,GBR,TIC,,,,,,
2731,10,127,21,7,Classified,29,38:16.6,13.165,5.477,24,01:16.9,142.9,Maserati MSG Racing,,,,Maserati Tipo Folgore,HANKOOK,,,,,,,,,,7,Maximilian,GÜNTHER,,DEU,DEU,GUE,,,,,,
2732,10,127,,48,Not classified,16,21:33.7,,,15,01:18.5,139.9,MAHINDRA RACING,,,,Mahindra M10Electro,HANKOOK,,,,,,,,,,20,Edoardo,MORTARA,,CHE,CHE,MOR,,,,,,
2733,10,128,1,13,Classified,28,36:04.6,-,-,24,01:15.9,144.8,TAG Heuer Porsche Formula E Team,,,,Porsche 99X Electric,HANKOOK,,,,,,,,,,8,António Félix,DA COSTA,,PRT,PRT,DAC,,,,,,
2734,10,128,2,5,Classified,28,36:05.2,0.612,0.612,25,01:15.9,144.8,NEOM McLaren Formula E Team,,,,Nissan e-4ORCE 04,HANKOOK,,,,,,,,,,12,Jake,HUGHES,,GBR,GBR,HUG,,,,,,
2735,10,128,3,17,Classified,28,36:05.7,1.122,0.51,4,01:15.4,145.8,Andretti Formula E,,,,Porsche 99X Electric,HANKOOK,,,,,,,,,,14,Norman,NATO,,FRA,FRA,NAT,,,,,,
2736,10,128,4,37,Classified,28,36:06.8,2.215,1.093,28,01:15.7,145.2,Jaguar TCS Racing,,,,Jaguar I-TYPE 6,HANKOOK,,,,,,,,,,1,Nick,CASSIDY,,NZL,NZL,CAS,,,,,,
2737,10,128,5,9,Classified,28,36:07.8,3.167,0.952,28,01:16.0,144.6,Jaguar TCS Racing,,,,Jaguar I-TYPE 6,HANKOOK,,,,,,,,,,4,Mitch,EVANS,,NZL,NZL,EVA,,,,,,
2738,10,128,6,2,Classified,28,36:08.5,3.861,0.694,28,01:16.0,144.5,DS PENSKE,,,,DS E-TENSE FE23,HANKOOK,,,,,,,,,,9,Stoffel,VANDOORNE,,BEL,BEL,VAN,,,,,,
2739,10,128,7,25,Classified,28,36:09.0,4.374,0.513,25,01:16.0,144.5,DS PENSKE,,,,DS E-TENSE FE23,HANKOOK,,,,,,,,,,6,Jean-Éric,VERGNE,,FRA,FRA,JEV,,,,,,
2740,10,128,8,7,Classified,28,36:09.7,5.077,0.703,27,01:16.0,144.5,Maserati MSG Racing,,,,Maserati Tipo Folgore,HANKOOK,,,,,,,,,,7,Maximilian,GÜNTHER,,DEU,DEU,GUE,,,,,,
2741,10,128,9,4,Classified,28,36:12.4,7.846,2.769,6,01:16.0,144.5,Envision Racing,,,,Jaguar I-TYPE 6,HANKOOK,,,,,,,,,,15,Robin,FRIJNS,,NLD,NLD,FRI,,,,,,
2742,10,128,10,22,Classified,28,36:13.4,8.84,0.994,25,01:16.2,144.1,Nissan Formula E Team,,,,Nissan e-4ORCE 04,HANKOOK,,,,,,,,,,3,Oliver,ROWLAND,,GBR,GBR,ROW,,,,,,
2743,10,128,11,1,Classified,28,36:14.2,9.634,0.794,25,01:16.2,144.1,Andretti Formula E,,,,Porsche 99X Electric,HANKOOK,,,,,,,,,,5,Jake,DENNIS,,GBR,GBR,DEN,,,,,,
2744,10,128,12,16,Classified,28,36:14.7,10.143,0.509,6,01:15.7,145,Envision Racing,,,,Jaguar I-TYPE 6,HANKOOK,,,,,,,,,,13,Sébastien,BUEMI,,CHE,CHE,BUE,,,,,,
2745,10,128,13,48,Classified,28,36:16.0,11.423,1.28,24,01:16.3,143.9,MAHINDRA RACING,,,,Mahindra M10Electro,HANKOOK,,,,,,,,,,20,Edoardo,MORTARA,,CHE,CHE,MOR,,,,,,
2746,10,128,14,23,Classified,28,36:16.9,12.28,0.857,24,01:16.3,143.9,Nissan Formula E Team,,,,Nissan e-4ORCE 04,HANKOOK,,,,,,,,,,11,Sacha,FENESTRAZ,,FRA,FRA,FEN,,,,,,
2747,10,128,15,51,Classified,28,36:17.4,12.751,0.471,25,01:16.3,144,ABT CUPRA FORMULA E TEAM,,,,Mahindra M10Electro,HANKOOK,,,,,,,,,,16,Nico,MÜLLER,,CHE,CHE,MUE,,,,,,
2748,10,128,16,21,Classified,28,36:17.7,13.102,0.351,27,01:16.3,144,MAHINDRA RACING,,,,Mahindra M10Electro,HANKOOK,,,,,,,,,,21,Nyck,DE VRIES,,NLD,NLD,DEV,,,,,,
2749,10,128,17,18,Classified,28,36:20.6,15.973,2.871,24,01:16.1,144.3,Maserati MSG Racing,,,,Maserati Tipo Folgore,HANKOOK,,,,,,,,,,19,Jehan,DARUVALA,,IND,IND,DAR,,,,,,
2750,10,128,18,3,Classified,28,36:21.0,16.419,0.446,6,01:15.9,144.8,ERT Formula E Team,,,,ERT X24,HANKOOK,,,,,,,,,,18,Sérgio,SETTE CÂMARA,,BRA,BRA,SET,,,,,,
2751,10,128,19,11,Classified,28,36:54.7,50.057,33.638,21,01:15.7,145.1,ABT CUPRA FORMULA E TEAM,,,,Mahindra M10Electro,HANKOOK,,,,,,,,,,24,Lucas,DI GRASSI,,BRA,BRA,DIG,,,,,,
2752,10,128,20,94,Classified,28,37:06.3,+1:01.675,11.618,21,01:15.4,145.6,TAG Heuer Porsche Formula E Team,,,,Porsche 99X Electric,HANKOOK,,,,,,,,,,2,Pascal,WEHRLEIN,,DEU,DEU,WEH,,,,,,
2753,10,128,21,33,Classified,28,37:29.0,+1:24.415,22.74,21,01:15.6,145.3,ERT Formula E Team,,,,ERT X24,HANKOOK,,,,,,,,,,17,Dan,TICKTUM,,GBR,GBR,TIC,,,,,,
2754,10,128,,8,Not classified,18,23:48.6,,,6,01:16.2,144.2,NEOM McLaren Formula E Team,,,,Nissan e-4ORCE 04,HANKOOK,,,,,,,,,,10,Sam,BIRD,,GBR,GBR,BIR,,,,,,
2755,10,129,1,13,Classified,27,34:00.1,-,-,27,01:11.8,159.9,TAG Heuer Porsche Formula E Team,,,,Porsche 99X Electric,HANKOOK,,,,,,,,,,7,António Félix,DA COSTA,,PRT,PRT,DAC,,,,,,
2756,10,129,2,4,Classified,27,34:00.5,0.415,0.415,27,01:11.8,159.9,Envision Racing,,,,Jaguar I-TYPE 6,HANKOOK,,,,,,,,,,15,Robin,FRIJNS,,NLD,NLD,FRI,,,,,,
2757,10,129,3,25,Classified,27,34:01.5,1.44,1.025,27,01:12.3,158.9,DS PENSKE,,,,DS E-TENSE FE23,HANKOOK,,,,,,,,,,6,Jean-Éric,VERGNE,,FRA,FRA,JEV,,,,,,
2758,10,129,4,48,Classified,27,34:01.8,1.701,0.261,27,01:12.2,159,MAHINDRA RACING,,,,Mahindra M10Electro,HANKOOK,,,,,,,,,,20,Edoardo,MORTARA,,CHE,CHE,MOR,,,,,,
2759,10,129,5,51,Classified,27,34:02.2,2.086,0.385,27,01:12.3,158.9,ABT CUPRA FORMULA E TEAM,,,,Mahindra M10Electro,HANKOOK,,,,,,,,,,16,Nico,MÜLLER,,CHE,CHE,MUE,,,,,,
2760,10,129,6,1,Classified,27,34:02.7,2.634,0.548,27,01:12.1,159.4,Andretti Formula E,,,,Porsche 99X Electric,HANKOOK,,,,,,,,,,5,Jake,DENNIS,,GBR,GBR,DEN,,,,,,
2761,10,129,7,8,Classified,27,34:03.0,2.858,0.224,27,01:12.6,158.2,NEOM McLaren Formula E Team,,,,Nissan e-4ORCE 04,HANKOOK,,,,,,,,,,12,Sam,BIRD,,GBR,GBR,BIR,,,,,,
2762,10,129,8,9,Classified,27,34:04.6,4.507,1.649,27,01:11.6,160.4,Jaguar TCS Racing,,,,Jaguar I-TYPE 6,HANKOOK,,,,,,,,,,3,Mitch,EVANS,,NZL,NZL,EVA,,,,,,
2763,10,129,9,2,Classified,27,34:05.3,5.183,0.676,25,01:12.7,158.1,DS PENSKE,,,,DS E-TENSE FE23,HANKOOK,,,,,,,,,,9,Stoffel,VANDOORNE,,BEL,BEL,VAN,,,,,,
2764,10,129,10,94,Classified,27,34:05.8,5.653,0.47,25,01:12.8,157.7,TAG Heuer Porsche Formula E Team,,,,Porsche 99X Electric,HANKOOK,,,,,,,,,,2,Pascal,WEHRLEIN,,DEU,DEU,WEH,,,,,,
2765,10,129,11,11,Classified,27,34:06.4,6.325,0.672,25,01:12.7,157.9,ABT CUPRA FORMULA E TEAM,,,,Mahindra M10Electro,HANKOOK,,,,,,,,,,24,Lucas,DI GRASSI,,BRA,BRA,DIG,,,,,,
2766,10,129,12,21,Classified,27,34:06.6,6.477,0.152,25,01:12.7,157.9,MAHINDRA RACING,,,,Mahindra M10Electro,HANKOOK,,,,,,,,,,21,Nyck,DE VRIES,,NLD,NLD,DEV,,,,,,
2767,10,129,13,17,Classified,27,34:06.6,6.487,0.01,24,01:12.4,158.6,Andretti Formula E,,,,Porsche 99X Electric,HANKOOK,,,,,,,,,,11,Norman,NATO,,FRA,FRA,NAT,,,,,,
2768,10,129,14,3,Classified,27,34:07.0,6.857,0.37,25,01:12.6,158.1,ERT Formula E Team,,,,ERT X24,HANKOOK,,,,,,,,,,18,Sérgio,SETTE CÂMARA,,BRA,BRA,SET,,,,,,
2769,10,129,15,23,Classified,27,34:08.8,8.686,1.829,18,01:12.4,158.7,Nissan Formula E Team,,,,Nissan e-4ORCE 04,HANKOOK,,,,,,,,,,13,Sacha,FENESTRAZ,,FRA,FRA,FEN,,,,,,
2770,10,129,16,18,Classified,27,34:14.1,14.031,5.345,24,01:12.2,159.1,Maserati MSG Racing,,,,Maserati Tipo Folgore,HANKOOK,,,,,,,,,,19,Jehan,DARUVALA,,IND,IND,DAR,,,,,,
2771,10,129,17,33,Classified,27,34:14.3,14.186,0.155,24,01:12.6,158.1,ERT Formula E Team,,,,ERT X24,HANKOOK,,,,,,,,,,17,Dan,TICKTUM,,GBR,GBR,TIC,,,,,,
2772,10,129,18,22,Classified,27,34:15.1,15.005,0.819,26,01:12.0,159.4,Nissan Formula E Team,,,,Nissan e-4ORCE 04,HANKOOK,,,,,,,,,,28,Caio,COLLET,,BRA,BRA,COL,,,,,,
2773,10,129,19,37,Classified,27,34:15.5,15.445,0.44,24,01:12.6,158.3,Jaguar TCS Racing,,,,Jaguar I-TYPE 6,HANKOOK,,,,,,,,,,1,Nick,CASSIDY,,NZL,NZL,CAS,,,,,,
2774,10,129,20,16,Classified,27,34:58.5,58.409,42.964,24,01:12.5,158.4,Envision Racing,,,,Jaguar I-TYPE 6,HANKOOK,,,,,,,,,,14,Sébastien,BUEMI,,CHE,CHE,BUE,,,,,,
2775,10,129,21,5,Classified,26,34:24.8,1 Lap,1 Lap,26,01:11.3,161,NEOM McLaren Formula E Team,,,,Nissan e-4ORCE 04,HANKOOK,,,,,,,,,,10,Jake,HUGHES,,GBR,GBR,HUG,,,,,,
2776,10,129,,7,Not classified,22,28:00.5,,,19,01:13.6,155.9,Maserati MSG Racing,,,,Maserati Tipo Folgore,HANKOOK,,,,,,,,,,8,Maximilian,GÜNTHER,,DEU,DEU,GUE,,,,,,
2777,10,130,1,13,Classified,27,36:21.5,-,-,26,01:11.1,161.6,TAG Heuer Porsche Formula E Team,,,,Porsche 99X Electric,HANKOOK,,,,,,,,,,7,António Félix,DA COSTA,,PRT,PRT,DAC,,,,,,
2778,10,130,2,4,Classified,27,36:21.9,0.332,0.332,26,01:10.7,162.5,Envision Racing,,,,Jaguar I-TYPE 6,HANKOOK,,,,,,,,,,12,Robin,FRIJNS,,NLD,NLD,FRI,,,,,,
2779,10,130,3,9,Classified,27,36:24.7,3.194,2.862,25,01:11.4,160.8,Jaguar TCS Racing,,,,Jaguar I-TYPE 6,HANKOOK,,,,,,,,,,3,Mitch,EVANS,,NZL,NZL,EVA,,,,,,
2780,10,130,4,94,Classified,27,36:24.8,3.262,0.068,25,01:11.4,160.8,TAG Heuer Porsche Formula E Team,,,,Porsche 99X Electric,HANKOOK,,,,,,,,,,2,Pascal,WEHRLEIN,,DEU,DEU,WEH,,,,,,
2781,10,130,5,25,Classified,27,36:25.2,3.683,0.421,25,01:11.6,160.4,DS PENSKE,,,,DS E-TENSE FE23,HANKOOK,,,,,,,,,,6,Jean-Éric,VERGNE,,FRA,FRA,JEV,,,,,,
2782,10,130,6,51,Classified,27,36:25.3,3.785,0.102,26,01:11.4,160.9,ABT CUPRA FORMULA E TEAM,,,,Mahindra M10Electro,HANKOOK,,,,,,,,,,14,Nico,MÜLLER,,CHE,CHE,MUE,,,,,,
2783,10,130,7,17,Classified,27,36:26.4,4.887,1.102,27,01:11.6,160.5,Andretti Formula E,,,,Porsche 99X Electric,HANKOOK,,,,,,,,,,13,Norman,NATO,,FRA,FRA,NAT,,,,,,
2784,10,130,8,7,Classified,27,36:27.2,5.692,0.805,24,01:11.6,160.3,Maserati MSG Racing,,,,Maserati Tipo Folgore,HANKOOK,,,,,,,,,,8,Maximilian,GÜNTHER,,DEU,DEU,GUE,,,,,,
2785,10,130,9,16,Classified,27,36:27.8,6.25,0.558,26,01:11.2,161.2,Envision Racing,,,,Jaguar I-TYPE 6,HANKOOK,,,,,,,,,,16,Sébastien,BUEMI,,CHE,CHE,BUE,,,,,,
2786,10,130,10,1,Classified,27,36:28.4,6.84,0.59,26,01:11.2,161.2,Andretti Formula E,,,,Porsche 99X Electric,HANKOOK,,,,,,,,,,5,Jake,DENNIS,,GBR,GBR,DEN,,,,,,
2787,10,130,11,2,Classified,27,36:29.0,7.49,0.65,26,01:11.4,160.8,DS PENSKE,,,,DS E-TENSE FE23,HANKOOK,,,,,,,,,,9,Stoffel,VANDOORNE,,BEL,BEL,VAN,,,,,,
2788,10,130,12,18,Classified,27,36:29.4,7.928,0.438,26,01:11.5,160.6,Maserati MSG Racing,,,,Maserati Tipo Folgore,HANKOOK,,,,,,,,,,20,Jehan,DARUVALA,,IND,IND,DAR,,,,,,
2789,10,130,13,37,Classified,27,36:29.6,8.078,0.15,27,01:11.5,160.7,Jaguar TCS Racing,,,,Jaguar I-TYPE 6,HANKOOK,,,,,,,,,,1,Nick,CASSIDY,,NZL,NZL,CAS,,,,,,
2790,10,130,14,3,Classified,27,36:31.6,10.044,1.966,26,01:12.3,158.9,ERT Formula E Team,,,,ERT X24,HANKOOK,,,,,,,,,,19,Sérgio,SETTE CÂMARA,,BRA,BRA,SET,,,,,,
2791,10,130,15,33,Classified,27,36:31.6,10.111,0.067,26,01:12.1,159.4,ERT Formula E Team,,,,ERT X24,HANKOOK,,,,,,,,,,18,Dan,TICKTUM,,GBR,GBR,TIC,,,,,,
2792,10,130,16,22,Classified,27,36:32.8,11.29,1.179,24,01:11.8,160,Nissan Formula E Team,,,,Nissan e-4ORCE 04,HANKOOK,,,,,,,,,,28,Caio,COLLET,,BRA,BRA,COL,,,,,,
2793,10,130,17,11,Classified,27,36:34.1,12.575,1.285,24,01:11.9,159.8,ABT CUPRA FORMULA E TEAM,,,,Mahindra M10Electro,HANKOOK,,,,,,,,,,24,Lucas,DI GRASSI,,BRA,BRA,DIG,,,,,,
2794,10,130,18,23,Classified,27,36:42.1,20.628,8.053,23,01:12.3,158.9,Nissan Formula E Team,,,,Nissan e-4ORCE 04,HANKOOK,,,,,,,,,,15,Sacha,FENESTRAZ,,FRA,FRA,FEN,,,,,,
2795,10,130,,48,Not classified,24,32:55.0,,,21,01:11.9,159.7,MAHINDRA RACING,,,,Mahindra M10Electro,HANKOOK,,,,,,,,,,17,Edoardo,MORTARA,,CHE,CHE,MOR,,,,,,
2796,10,130,,8,Not classified,20,29:18.5,,,20,01:13.0,157.4,NEOM McLaren Formula E Team,,,,Nissan e-4ORCE 04,HANKOOK,,,,,,,,,,11,Sam,BIRD,,GBR,GBR,BIR,,,,,,
2797,10,130,,21,Not classified,20,31:43.3,,,20,01:12.1,159.3,MAHINDRA RACING,,,,Mahindra M10Electro,HANKOOK,,,,,,,,,,21,Nyck,DE VRIES,,NLD,NLD,DEV,,,,,,
2798,10,130,,5,Not classified,12,15:17.3,,,6,01:13.5,156.3,NEOM McLaren Formula E Team,,,,Nissan e-4ORCE 04,HANKOOK,,,,,,,,,,10,Jake,HUGHES,,GBR,GBR,HUG,,,,,,
2799,10,131,1,94,Classified,39,55:15.7,-,-,39,01:11.9,104.1,TAG Heuer Porsche Formula E Team,,,,Porsche 99X Electric,HANKOOK,,,,,,,,,,3,Pascal,WEHRLEIN,,DEU,DEU,WEH,,,,,,
2800,10,131,2,9,Classified,39,55:16.3,0.617,0.617,38,01:11.7,104.4,Jaguar TCS Racing,,,,Jaguar I-TYPE 6,HANKOOK,,,,,,,,,,2,Mitch,EVANS,,NZL,NZL,EVA,,,,,,
2801,10,131,3,16,Classified,39,55:17.1,1.457,0.84,38,01:11.7,104.4,Envision Racing,,,,Jaguar I-TYPE 6,HANKOOK,,,,,,,,,,15,Sébastien,BUEMI,,CHE,CHE,BUE,,,,,,
2802,10,131,4,21,Classified,39,55:18.0,2.29,0.833,39,01:11.9,104.2,MAHINDRA RACING,,,,Mahindra M10Electro,HANKOOK,,,,,,,,,,21,Nyck,DE VRIES,,NLD,NLD,DEV,,,,,,
2803,10,131,5,48,Classified,39,55:29.6,13.897,11.607,38,01:14.3,100.8,MAHINDRA RACING,,,,Mahindra M10Electro,HANKOOK,,,,,,,,,,17,Edoardo,MORTARA,,CHE,CHE,MOR,,,,,,
2804,10,131,6,51,Classified,39,55:29.9,14.227,0.33,38,01:14.2,100.9,ABT CUPRA FORMULA E TEAM,,,,Mahindra M10Electro,HANKOOK,,,,,,,,,,14,Nico,MÜLLER,,CHE,CHE,MUE,,,,,,
2805,10,131,7,37,Classified,39,55:30.4,14.725,0.498,37,01:12.0,104,Jaguar TCS Racing,,,,Jaguar I-TYPE 6,HANKOOK,,,,,,,,,,1,Nick,CASSIDY,,NZL,NZL,CAS,,,,,,
2806,10,131,8,8,Classified,39,55:30.9,15.209,0.484,37,01:12.4,103.5,NEOM McLaren Formula E Team,,,,Nissan e-4ORCE 04,HANKOOK,,,,,,,,,,13,Sam,BIRD,,GBR,GBR,BIR,,,,,,
2807,10,131,9,2,Classified,39,55:31.5,15.794,0.585,37,01:12.6,103.1,DS PENSKE,,,,DS E-TENSE FE23,HANKOOK,,,,,,,,,,10,Stoffel,VANDOORNE,,BEL,BEL,VAN,,,,,,
2808,10,131,10,17,Classified,39,55:32.2,16.515,0.721,37,01:13.2,102.4,Andretti Formula E,,,,Porsche 99X Electric,HANKOOK,,,,,,,,,,12,Norman,NATO,,FRA,FRA,NAT,,,,,,
2809,10,131,11,11,Classified,39,55:32.6,16.977,0.462,37,01:13.3,102.2,ABT CUPRA FORMULA E TEAM,,,,Mahindra M10Electro,HANKOOK,,,,,,,,,,24,Lucas,DI GRASSI,,BRA,BRA,DIG,,,,,,
2810,10,131,12,3,Classified,39,55:33.1,17.419,0.442,30,01:11.7,104.4,ERT Formula E Team,,,,ERT X24,HANKOOK,,,,,,,,,,19,Sérgio,SETTE CÂMARA,,BRA,BRA,SET,,,,,,
2811,10,131,13,33,Classified,39,55:33.9,18.249,0.83,30,01:12.0,104,ERT Formula E Team,,,,ERT X24,HANKOOK,,,,,,,,,,18,Dan,TICKTUM,,GBR,GBR,TIC,,,,,,
2812,10,131,14,23,Classified,39,55:34.4,18.712,0.463,17,01:13.7,101.7,Nissan Formula E Team,,,,Nissan e-4ORCE 04,HANKOOK,,,,,,,,,,16,Sacha,FENESTRAZ,,FRA,FRA,FEN,,,,,,
2813,10,131,15,22,Classified,39,55:36.7,21.036,2.324,37,01:12.8,102.9,Nissan Formula E Team,,,,Nissan e-4ORCE 04,HANKOOK,,,,,,,,,,5,Oliver,ROWLAND,,GBR,GBR,ROW,,,,,,
2814,10,131,16,1,Classified,39,55:48.8,33.186,12.15,38,01:14.2,100.9,Andretti Formula E,,,,Porsche 99X Electric,HANKOOK,,,,,,,,,,7,Jake,DENNIS,,GBR,GBR,DEN,,,,,,
2815,10,131,17,25,Classified,39,56:00.9,45.199,12.013,39,01:12.2,103.6,DS PENSKE,,,,DS E-TENSE FE23,HANKOOK,,,,,,,,,,6,Jean-Éric,VERGNE,,FRA,FRA,JEV,,,,,,
2816,10,131,18,18,Classified,38,55:50.1,1 Lap,1 Lap,36,01:13.4,102.1,Maserati MSG Racing,,,,Maserati Tipo Folgore,HANKOOK,,,,,,,,,,20,Jehan,DARUVALA,,IND,IND,DAR,,,,,,
2817,10,131,,7,Not classified,33,46:54.9,,,27,01:13.1,102.4,Maserati MSG Racing,,,,Maserati Tipo Folgore,HANKOOK,,,,,,,,,,8,Maximilian,GÜNTHER,,DEU,DEU,GUE,,,,,,
2818,10,131,,5,Not classified,10,16:19.7,,,7,01:17.1,97.1,NEOM McLaren Formula E Team,,,,Nissan e-4ORCE 04,HANKOOK,,,,,,,,,,11,Jake,HUGHES,,GBR,GBR,HUG,,,,,,
2819,10,131,,13,Not classified,6,11:47.9,,,5,01:18.4,95.5,TAG Heuer Porsche Formula E Team,,,,Porsche 99X Electric,HANKOOK,,,,,,,,,,4,António Félix,DA COSTA,,PRT,PRT,DAC,,,,,,
2820,10,131,,4,Not classified,0,,,,0,,,Envision Racing,,,,Jaguar I-TYPE 6,HANKOOK,,,,,,,,,,9,Robin,FRIJNS,,NLD,NLD,FRI,,,,,,
2821,10,132,1,22,Classified,37,54:30.6,-,-,33,01:11.6,104.6,Nissan Formula E Team,,,,Nissan e-4ORCE 04,HANKOOK,,,,,,,,,,5,Oliver,ROWLAND,,GBR,GBR,ROW,,,,,,
2822,10,132,2,94,Classified,37,54:31.6,1.055,1.055,34,01:11.3,105,TAG Heuer Porsche Formula E Team,,,,Porsche 99X Electric,HANKOOK,,,,,,,,,,1,Pascal,WEHRLEIN,,DEU,DEU,WEH,,,,,,
2823,10,132,3,9,Classified,37,54:34.4,3.782,2.727,32,01:11.9,104.2,Jaguar TCS Racing,,,,Jaguar I-TYPE 6,HANKOOK,,,,,,,,,,2,Mitch,EVANS,,NZL,NZL,EVA,,,,,,
2824,10,132,4,16,Classified,37,54:34.6,4.004,0.222,33,01:11.9,104.1,Envision Racing,,,,Jaguar I-TYPE 6,HANKOOK,,,,,,,,,,15,Sébastien,BUEMI,,CHE,CHE,BUE,,,,,,
2825,10,132,5,25,Classified,37,54:35.4,4.805,0.801,33,01:12.1,103.8,DS PENSKE,,,,DS E-TENSE FE23,HANKOOK,,,,,,,,,,6,Jean-Éric,VERGNE,,FRA,FRA,JEV,,,,,,
2826,10,132,6,51,Classified,37,54:35.8,5.202,0.397,33,01:12.1,103.9,ABT CUPRA FORMULA E TEAM,,,,Mahindra M10Electro,HANKOOK,,,,,,,,,,14,Nico,MÜLLER,,CHE,CHE,MUE,,,,,,
2827,10,132,7,4,Classified,37,54:36.2,5.582,0.38,33,01:12.1,103.9,Envision Racing,,,,Jaguar I-TYPE 6,HANKOOK,,,,,,,,,,9,Robin,FRIJNS,,NLD,NLD,FRI,,,,,,
2828,10,132,8,2,Classified,37,54:36.7,6.104,0.522,35,01:11.9,104.2,DS PENSKE,,,,DS E-TENSE FE23,HANKOOK,,,,,,,,,,10,Stoffel,VANDOORNE,,BEL,BEL,VAN,,,,,,
2829,10,132,9,11,Classified,37,54:37.2,6.667,0.563,35,01:12.0,104,ABT CUPRA FORMULA E TEAM,,,,Mahindra M10Electro,HANKOOK,,,,,,,,,,24,Lucas,DI GRASSI,,BRA,BRA,DIG,,,,,,
2830,10,132,10,5,Classified,37,54:37.7,7.107,0.44,34,01:11.3,105,NEOM McLaren Formula E Team,,,,Nissan e-4ORCE 04,HANKOOK,,,,,,,,,,13,Jake,HUGHES,,GBR,GBR,HUG,,,,,,
2831,10,132,11,3,Classified,37,54:38.2,7.579,0.472,34,01:11.9,104.2,ERT Formula E Team,,,,ERT X24,HANKOOK,,,,,,,,,,20,Sérgio,SETTE CÂMARA,,BRA,BRA,SET,,,,,,
2832,10,132,12,17,Classified,37,54:38.6,8.076,0.497,36,01:11.9,104.1,Andretti Formula E,,,,Porsche 99X Electric,HANKOOK,,,,,,,,,,12,Norman,NATO,,FRA,FRA,NAT,,,,,,
2833,10,132,13,13,Classified,37,54:39.9,9.362,1.286,32,01:12.0,103.9,TAG Heuer Porsche Formula E Team,,,,Porsche 99X Electric,HANKOOK,,,,,,,,,,4,António Félix,DA COSTA,,PRT,PRT,DAC,,,,,,
2834,10,132,14,33,Classified,37,54:40.1,9.478,0.116,35,01:12.1,103.9,ERT Formula E Team,,,,ERT X24,HANKOOK,,,,,,,,,,19,Dan,TICKTUM,,GBR,GBR,TIC,,,,,,
2835,10,132,15,23,Classified,37,54:49.8,19.185,9.707,35,01:12.2,103.7,Nissan Formula E Team,,,,Nissan e-4ORCE 04,HANKOOK,,,,,,,,,,17,Sacha,FENESTRAZ,,FRA,FRA,FEN,,,,,,
2836,10,132,16,21,Classified,37,55:14.1,43.48,24.295,36,01:11.9,104.1,MAHINDRA RACING,,,,Mahindra M10Electro,HANKOOK,,,,,,,,,,18,Nyck,DE VRIES,,NLD,NLD,DEV,,,,,,
2837,10,132,,37,Not classified,33,50:15.3,,,14,01:12.1,103.8,Jaguar TCS Racing,,,,Jaguar I-TYPE 6,HANKOOK,,,,,,,,,,3,Nick,CASSIDY,,NZL,NZL,CAS,,,,,,
2838,10,132,,7,Not classified,28,41:54.9,,,14,01:12.1,103.8,Maserati MSG Racing,,,,Maserati Tipo Folgore,HANKOOK,,,,,,,,,,8,Maximilian,GÜNTHER,,DEU,DEU,GUE,,,,,,
2839,10,132,,18,Not classified,8,15:03.0,,,6,01:16.3,98.1,Maserati MSG Racing,,,,Maserati Tipo Folgore,HANKOOK,,,,,,,,,,21,Jehan,DARUVALA,,IND,IND,DAR,,,,,,
2840,10,132,,8,Not classified,6,11:01.3,,,6,01:16.7,97.6,NEOM McLaren Formula E Team,,,,Nissan e-4ORCE 04,HANKOOK,,,,,,,,,,11,Sam,BIRD,,GBR,GBR,BIR,,,,,,
2841,10,132,,48,Not classified,1,01:27.5,,,0,,,MAHINDRA RACING,,,,Mahindra M10Electro,HANKOOK,,,,,,,,,,16,Edoardo,MORTARA,,CHE,CHE,MOR,,,,,,
2842,10,132,,1,Not classified,1,01:32.3,,,0,,,Andretti Formula E,,,,Porsche 99X Electric,HANKOOK,,,,,,,,,,7,Jake,DENNIS,,GBR,GBR,DEN,,,,,,
